{
  "hosting": {
    "source": ".",
    "ignore": [
      "firebase.json",
      "**/.*",
      "**/node_modules/**"
    ],
    "frameworksBackend": {
      "region": "us-central1"
    }
  },
  // Functions configuration removed - using App Hosting with Next.js API routes instead
  // All scheduled tasks are now in src/app/api/cron/
  // "functions": [],
  "firestore": {
    "database": "(default)",
    "location": "asia-southeast1",
    "rules": "firestore.rules",
    "indexes": "firestore.indexes.json"
  },
  "apphosting": {
    "backendId": "studio",
    "rootDir": "/",
    "ignore": [
      "node_modules",
      ".git",
      "firebase-debug.log",
      "firebase-debug.*.log",
      "functions"
    ]
  },
  "storage": {
    "rules": "storage.rules"
  },
  "emulators": {
    "apphosting": {
      "port": 5002,
      "rootDirectory": "./",
      "startCommand": "npm run dev"
    },
    "functions": {
      "port": 5001
    },
    "hosting": {
      "port": 5000
    },
    "ui": {
      "enabled": false
    },
    "singleProjectMode": true
  }
}
